"","GRN","COAL","LAB","ID","beta","type","type2"
"1",0,1,0.4,3281585,0.4,"COAL.LAB.GRN","COAL.LAB.GRN"
"2",0.666666666666667,1,0,3378767,0.666666666666667,"COAL.GRN.LAB","COAL.GRN.LAB"
"3",0.666666666666667,1,0,3395061,0.666666666666667,"COAL.GRN.LAB","COAL.GRN.LAB"
"4",0,0.5,1,3718640,0.5,"LAB.COAL.GRN","LAB.COAL.GRN"
"5",0.266666666666667,1,0,3832909,0.266666666666667,"COAL.GRN.LAB","COAL.GRN.LAB"
"6",0.714285714285714,0,1,4773141,0.714285714285714,"LAB.GRN.COAL","LAB.GRN.COAL"
"7",0.142857142857143,0,1,4817504,0.142857142857143,"LAB.GRN.COAL","LAB.GRN.COAL"
"8",0,0.75,1,4916675,0.75,"LAB.COAL.GRN","LAB.COAL.GRN"
"9",0.5,0,1,4950690,0.5,"LAB.GRN.COAL","LAB.GRN.COAL"
"10",0,0.333333333333333,1,5810090,0.333333333333333,"LAB.COAL.GRN","LAB.COAL.GRN"
"11",0,0.25,1,6889637,0.25,"LAB.COAL.GRN","LAB.COAL.GRN"
"12",0,1,0.142857142857143,7839734,0.142857142857143,"COAL.LAB.GRN","COAL.LAB.GRN"
"13",0.8,0,1,8125977,0.8,"LAB.GRN.COAL","LAB.GRN.COAL"
"14",0.6,0,1,8295748,0.6,"LAB.GRN.COAL","LAB.GRN.COAL"
"15",0,1,0.333333333333333,8296051,0.333333333333333,"COAL.LAB.GRN","COAL.LAB.GRN"
"16",0,1,0.545454545454545,8497548,0.545454545454545,"COAL.LAB.GRN","COAL.LAB.GRN"
"17",0,1,0.181818181818182,9622928,0.181818181818182,"COAL.LAB.GRN","COAL.LAB.GRN"
"18",0,0.3,1,3300635,0.3,"LAB.COAL.GRN","LAB.COAL.GRN"
"19",1,0,0.6,3885362,0.6,"GRN.LAB.COAL","GRN.LAB.COAL"
"20",0.571428571428571,0,1,4267803,0.571428571428571,"LAB.GRN.COAL","LAB.GRN.COAL"
"21",0.285714285714286,1,0,4504067,0.285714285714286,"COAL.GRN.LAB","COAL.GRN.LAB"
"22",0.529411764705882,0,1,4603325,0.529411764705882,"LAB.GRN.COAL","LAB.GRN.COAL"
"23",0,1,0.8,5234043,0.8,"COAL.LAB.GRN","COAL.LAB.GRN"
"24",0,0.1,1,5529528,0.1,"LAB.COAL.GRN","LAB.COAL.GRN"
"25",1,0,0.8,6407569,0.8,"GRN.LAB.COAL","GRN.LAB.COAL"
"26",0,0.3,1,6910783,0.3,"LAB.COAL.GRN","LAB.COAL.GRN"
"27",1,0,0.222222222222222,7200502,0.222222222222222,"GRN.LAB.COAL","GRN.LAB.COAL"
"28",0,1,0.6,7358593,0.6,"COAL.LAB.GRN","COAL.LAB.GRN"
"29",1,0,0.75,7867739,0.75,"GRN.LAB.COAL","GRN.LAB.COAL"
"30",0.666666666666667,1,0,4160847,0.666666666666667,"COAL.GRN.LAB","COAL.GRN.LAB"
"31",1,0,0.636363636363636,4461914,0.636363636363636,"GRN.LAB.COAL","GRN.LAB.COAL"
"32",0,0.25,1,4876263,0.25,"LAB.COAL.GRN","LAB.COAL.GRN"
"33",0.666666666666667,1,0,4997294,0.666666666666667,"COAL.GRN.LAB","COAL.GRN.LAB"
"34",0.555555555555556,0,1,4998774,0.555555555555556,"LAB.GRN.COAL","LAB.GRN.COAL"
"35",0.2,0,1,6485243,0.2,"LAB.GRN.COAL","LAB.GRN.COAL"
"36",1,0,0.75,6709332,0.75,"GRN.LAB.COAL","GRN.LAB.COAL"
"37",1,0,0.818181818181818,6752837,0.818181818181818,"GRN.LAB.COAL","GRN.LAB.COAL"
"38",0.8,0,1,6850918,0.8,"LAB.GRN.COAL","LAB.GRN.COAL"
"39",0.8,1,0,7139134,0.8,"COAL.GRN.LAB","COAL.GRN.LAB"
"40",1,0.25,0,8080934,0.25,"GRN.COAL.LAB","GRN.COAL.LAB"
"41",0,1,0.25,3505219,0.25,"COAL.LAB.GRN","COAL.LAB.GRN"
"42",1,0,0.714285714285714,3523226,0.714285714285714,"GRN.LAB.COAL","GRN.LAB.COAL"
"43",1,0,0.8,3526385,0.8,"GRN.LAB.COAL","GRN.LAB.COAL"
"44",0,0.7,1,4255585,0.7,"LAB.COAL.GRN","LAB.COAL.GRN"
"45",1,0,0.666666666666667,4460112,0.666666666666667,"GRN.LAB.COAL","GRN.LAB.COAL"
"46",1,0.0714285714285714,0,4521761,0.0714285714285714,"GRN.COAL.LAB","GRN.COAL.LAB"
"47",0.857142857142857,0,1,5228176,0.857142857142857,"LAB.GRN.COAL","LAB.GRN.COAL"
"48",0,1,0.333333333333333,5251595,0.333333333333333,"COAL.LAB.GRN","COAL.LAB.GRN"
"49",0.666666666666667,0,1,6129815,0.666666666666667,"LAB.GRN.COAL","LAB.GRN.COAL"
"50",0,1,0.2,6226899,0.2,"COAL.LAB.GRN","COAL.LAB.GRN"
"51",0,1,0.833333333333333,6231507,0.833333333333333,"COAL.LAB.GRN","COAL.LAB.GRN"
"52",0.636363636363636,0,1,6465933,0.636363636363636,"LAB.GRN.COAL","LAB.GRN.COAL"
"53",0,1,0.142857142857143,6686856,0.142857142857143,"COAL.LAB.GRN","COAL.LAB.GRN"
"54",0,1,0.266666666666667,6712382,0.266666666666667,"COAL.LAB.GRN","COAL.LAB.GRN"
"55",1,0,0.647058823529412,6725760,0.647058823529412,"GRN.LAB.COAL","GRN.LAB.COAL"
"56",0,1,0.444444444444444,6962432,0.444444444444444,"COAL.LAB.GRN","COAL.LAB.GRN"
"57",0,1,0.222222222222222,7380559,0.222222222222222,"COAL.LAB.GRN","COAL.LAB.GRN"
"58",1,0,0.333333333333333,7497292,0.333333333333333,"GRN.LAB.COAL","GRN.LAB.COAL"
"59",1,0,0.684210526315789,7900603,0.684210526315789,"GRN.LAB.COAL","GRN.LAB.COAL"
"60",1,0,0.818181818181818,8419124,0.818181818181818,"GRN.LAB.COAL","GRN.LAB.COAL"
"61",1,0,0.733333333333333,8574535,0.733333333333333,"GRN.LAB.COAL","GRN.LAB.COAL"
"62",0.777777777777778,0,1,9010205,0.777777777777778,"LAB.GRN.COAL","LAB.GRN.COAL"
"63",0,0.166666666666667,1,9413592,0.166666666666667,"LAB.COAL.GRN","LAB.COAL.GRN"
"64",0,1,0.2,9519666,0.2,"COAL.LAB.GRN","COAL.LAB.GRN"
"65",0.666666666666667,1,0,9773186,0.666666666666667,"COAL.GRN.LAB","COAL.GRN.LAB"
"66",0.428571428571429,0,1,3206373,0.428571428571429,"LAB.GRN.COAL","LAB.GRN.COAL"
"67",0,1,0.5,3806000,0.5,"COAL.LAB.GRN","COAL.LAB.GRN"
"68",0,1,0.315789473684211,4208360,0.315789473684211,"COAL.LAB.GRN","COAL.LAB.GRN"
"69",0,0.285714285714286,1,4367241,0.285714285714286,"LAB.COAL.GRN","LAB.COAL.GRN"
"70",1,0.5,0,5689007,0.5,"GRN.COAL.LAB","GRN.COAL.LAB"
"71",0,0.25,1,6204680,0.25,"LAB.COAL.GRN","LAB.COAL.GRN"
"72",0,1,0.210526315789474,6250086,0.210526315789474,"COAL.LAB.GRN","COAL.LAB.GRN"
"73",0,1,0.4,7685150,0.4,"COAL.LAB.GRN","COAL.LAB.GRN"
"74",0,0.583333333333333,1,8317546,0.583333333333333,"LAB.COAL.GRN","LAB.COAL.GRN"
"75",0,0.666666666666667,1,8509321,0.666666666666667,"LAB.COAL.GRN","LAB.COAL.GRN"
"76",0,1,0.666666666666667,8854377,0.666666666666667,"COAL.LAB.GRN","COAL.LAB.GRN"
"77",0,1,0.727272727272727,9450854,0.727272727272727,"COAL.LAB.GRN","COAL.LAB.GRN"
"78",0,0.9,1,9456215,0.9,"LAB.COAL.GRN","LAB.COAL.GRN"
"79",0.444444444444444,1,0,9675087,0.444444444444444,"COAL.GRN.LAB","COAL.GRN.LAB"
"80",0,1,0.117647058823529,9675130,0.117647058823529,"COAL.LAB.GRN","COAL.LAB.GRN"
"81",0.666666666666667,1,0,9766997,0.666666666666667,"COAL.GRN.LAB","COAL.GRN.LAB"
"82",0.833333333333333,0,1,3428446,0.833333333333333,"LAB.GRN.COAL","LAB.GRN.COAL"
"83",0,1,0.307692307692308,3539040,0.307692307692308,"COAL.LAB.GRN","COAL.LAB.GRN"
"84",0,1,0.333333333333333,4792308,0.333333333333333,"COAL.LAB.GRN","COAL.LAB.GRN"
"85",0.777777777777778,0,1,4843469,0.777777777777778,"LAB.GRN.COAL","LAB.GRN.COAL"
"86",0,1,0.333333333333333,5234338,0.333333333333333,"COAL.LAB.GRN","COAL.LAB.GRN"
"87",1,0.5,0,5246744,0.5,"GRN.COAL.LAB","GRN.COAL.LAB"
"88",0,1,0.666666666666667,5490514,0.666666666666667,"COAL.LAB.GRN","COAL.LAB.GRN"
"89",0,1,0.333333333333333,5863363,0.333333333333333,"COAL.LAB.GRN","COAL.LAB.GRN"
"90",0,0.25,1,7035549,0.25,"LAB.COAL.GRN","LAB.COAL.GRN"
"91",1,0.75,0,8062767,0.75,"GRN.COAL.LAB","GRN.COAL.LAB"
"92",0.2,0,1,8653334,0.2,"LAB.GRN.COAL","LAB.GRN.COAL"
"93",0,1,0.666666666666667,8935469,0.666666666666667,"COAL.LAB.GRN","COAL.LAB.GRN"
"94",1,0,0.8,8949953,0.8,"GRN.LAB.COAL","GRN.LAB.COAL"
"95",0.8,1,0,8961046,0.8,"COAL.GRN.LAB","COAL.GRN.LAB"
"96",1,0,0.75,9068965,0.75,"GRN.LAB.COAL","GRN.LAB.COAL"
"97",0,1,0.125,9092000,0.125,"COAL.LAB.GRN","COAL.LAB.GRN"
"98",0.555555555555556,0,1,9258180,0.555555555555556,"LAB.GRN.COAL","LAB.GRN.COAL"
"99",0,1,0.307692307692308,9328694,0.307692307692308,"COAL.LAB.GRN","COAL.LAB.GRN"
"100",0,0.5,1,9565491,0.5,"LAB.COAL.GRN","LAB.COAL.GRN"
"101",0,0.8,1,3186279,0.8,"LAB.COAL.GRN","LAB.COAL.GRN"
"102",0,1,0.3,3791739,0.3,"COAL.LAB.GRN","COAL.LAB.GRN"
"103",0.285714285714286,1,0,5203353,0.285714285714286,"COAL.GRN.LAB","COAL.GRN.LAB"
"104",0,1,0.666666666666667,5306929,0.666666666666667,"COAL.LAB.GRN","COAL.LAB.GRN"
"105",0,1,0.545454545454545,5501496,0.545454545454545,"COAL.LAB.GRN","COAL.LAB.GRN"
"106",1,0,0.666666666666667,5624489,0.666666666666667,"GRN.LAB.COAL","GRN.LAB.COAL"
"107",0.857142857142857,1,0,6032973,0.857142857142857,"COAL.GRN.LAB","COAL.GRN.LAB"
"108",0,1,0.727272727272727,6950766,0.727272727272727,"COAL.LAB.GRN","COAL.LAB.GRN"
"109",0.714285714285714,0,1,7146233,0.714285714285714,"LAB.GRN.COAL","LAB.GRN.COAL"
"110",0,1,0.315789473684211,7226414,0.315789473684211,"COAL.LAB.GRN","COAL.LAB.GRN"
"111",0.625,1,0,7663520,0.625,"COAL.GRN.LAB","COAL.GRN.LAB"
"112",0,0.875,1,8210517,0.875,"LAB.COAL.GRN","LAB.COAL.GRN"
"113",0.555555555555556,0,1,8586504,0.555555555555556,"LAB.GRN.COAL","LAB.GRN.COAL"
"114",0.666666666666667,1,0,9762811,0.666666666666667,"COAL.GRN.LAB","COAL.GRN.LAB"
"115",0,1,0.526315789473684,3754672,0.526315789473684,"COAL.LAB.GRN","COAL.LAB.GRN"
"116",0.666666666666667,1,0,4113319,0.666666666666667,"COAL.GRN.LAB","COAL.GRN.LAB"
"117",1,0,0.666666666666667,4288915,0.666666666666667,"GRN.LAB.COAL","GRN.LAB.COAL"
"118",0.125,0,1,4866577,0.125,"LAB.GRN.COAL","LAB.GRN.COAL"
"119",0,1,0.153846153846154,5397340,0.153846153846154,"COAL.LAB.GRN","COAL.LAB.GRN"
"120",0,1,0.75,6407694,0.75,"COAL.LAB.GRN","COAL.LAB.GRN"
"121",0.7,0,1,6708967,0.7,"LAB.GRN.COAL","LAB.GRN.COAL"
"122",0,0.666666666666667,1,6761587,0.666666666666667,"LAB.COAL.GRN","LAB.COAL.GRN"
"123",0,1,0.615384615384615,6916938,0.615384615384615,"COAL.LAB.GRN","COAL.LAB.GRN"
"124",0.666666666666667,0,1,8040023,0.666666666666667,"LAB.GRN.COAL","LAB.GRN.COAL"
"125",0.384615384615385,0,1,8844557,0.384615384615385,"LAB.GRN.COAL","LAB.GRN.COAL"
"126",0.625,0,1,3395338,0.625,"LAB.GRN.COAL","LAB.GRN.COAL"
"127",0,1,0.909090909090909,3753165,0.909090909090909,"COAL.LAB.GRN","COAL.LAB.GRN"
"128",0,0.928571428571429,1,5144514,0.928571428571429,"LAB.COAL.GRN","LAB.COAL.GRN"
"129",0.666666666666667,0,1,5391630,0.666666666666667,"LAB.GRN.COAL","LAB.GRN.COAL"
"130",0.857142857142857,0,1,7045002,0.857142857142857,"LAB.GRN.COAL","LAB.GRN.COAL"
"131",0.25,0,1,7092674,0.25,"LAB.GRN.COAL","LAB.GRN.COAL"
"132",0.4,1,0,7296730,0.4,"COAL.GRN.LAB","COAL.GRN.LAB"
"133",0,1,0.333333333333333,7495855,0.333333333333333,"COAL.LAB.GRN","COAL.LAB.GRN"
"134",0.230769230769231,0,1,8023168,0.230769230769231,"LAB.GRN.COAL","LAB.GRN.COAL"
"135",0,0.6,1,8647324,0.6,"LAB.COAL.GRN","LAB.COAL.GRN"
"136",0.428571428571429,0,1,9397985,0.428571428571429,"LAB.GRN.COAL","LAB.GRN.COAL"
"137",0.4,1,0,9560799,0.4,"COAL.GRN.LAB","COAL.GRN.LAB"
"138",0.2,0,1,5560403,0.2,"LAB.GRN.COAL","LAB.GRN.COAL"
"139",0,1,0.333333333333333,5785242,0.333333333333333,"COAL.LAB.GRN","COAL.LAB.GRN"
"140",0,1,0.615384615384615,5842154,0.615384615384615,"COAL.LAB.GRN","COAL.LAB.GRN"
"141",0,1,0.363636363636364,6167569,0.363636363636364,"COAL.LAB.GRN","COAL.LAB.GRN"
"142",1,0,0.777777777777778,6500681,0.777777777777778,"GRN.LAB.COAL","GRN.LAB.COAL"
"143",0,0.6,1,6894845,0.6,"LAB.COAL.GRN","LAB.COAL.GRN"
"144",1,0.75,0,7481432,0.75,"GRN.COAL.LAB","GRN.COAL.LAB"
"145",0,1,0.666666666666667,7577017,0.666666666666667,"COAL.LAB.GRN","COAL.LAB.GRN"
"146",0.8,0,1,8062473,0.8,"LAB.GRN.COAL","LAB.GRN.COAL"
"147",0,1,0.615384615384615,8556582,0.615384615384615,"COAL.LAB.GRN","COAL.LAB.GRN"
"148",0.4,1,0,9047630,0.4,"COAL.GRN.LAB","COAL.GRN.LAB"
"149",0.666666666666667,1,0,9249896,0.666666666666667,"COAL.GRN.LAB","COAL.GRN.LAB"
"150",0,1,0.333333333333333,9279513,0.333333333333333,"COAL.LAB.GRN","COAL.LAB.GRN"
"151",0.333333333333333,0,1,9328195,0.333333333333333,"LAB.GRN.COAL","LAB.GRN.COAL"
"152",1,0,0.333333333333333,9512066,0.333333333333333,"GRN.LAB.COAL","GRN.LAB.COAL"
"153",0,1,0.181818181818182,9660869,0.181818181818182,"COAL.LAB.GRN","COAL.LAB.GRN"
"154",1,0,0.875,3816473,0.875,"GRN.LAB.COAL","GRN.LAB.COAL"
"155",1,0,0.714285714285714,4181851,0.714285714285714,"GRN.LAB.COAL","GRN.LAB.COAL"
"156",0.5,1,0,4512076,0.5,"COAL.GRN.LAB","COAL.GRN.LAB"
"157",0,1,0.117647058823529,4845760,0.117647058823529,"COAL.LAB.GRN","COAL.LAB.GRN"
"158",0.875,0,1,4853509,0.875,"LAB.GRN.COAL","LAB.GRN.COAL"
"159",0,1,0.1,4866862,0.1,"COAL.LAB.GRN","COAL.LAB.GRN"
"160",1,0,0.666666666666667,5266552,0.666666666666667,"GRN.LAB.COAL","GRN.LAB.COAL"
"161",0.333333333333333,0,1,5320342,0.333333333333333,"LAB.GRN.COAL","LAB.GRN.COAL"
"162",0.7,0,1,5392470,0.7,"LAB.GRN.COAL","LAB.GRN.COAL"
"163",0.538461538461538,0,1,5514393,0.538461538461538,"LAB.GRN.COAL","LAB.GRN.COAL"
"164",0,0.1,1,5698872,0.1,"LAB.COAL.GRN","LAB.COAL.GRN"
"165",0,1,0.166666666666667,6077737,0.166666666666667,"COAL.LAB.GRN","COAL.LAB.GRN"
"166",1,0,0.4,6204886,0.4,"GRN.LAB.COAL","GRN.LAB.COAL"
"167",1,0,0.9,6510796,0.9,"GRN.LAB.COAL","GRN.LAB.COAL"
"168",0.875,0,1,6713274,0.875,"LAB.GRN.COAL","LAB.GRN.COAL"
"169",1,0,0.5,6722978,0.5,"GRN.LAB.COAL","GRN.LAB.COAL"
"170",0,1,0.2,7046243,0.2,"COAL.LAB.GRN","COAL.LAB.GRN"
"171",1,0,0.473684210526316,7125103,0.473684210526316,"GRN.LAB.COAL","GRN.LAB.COAL"
"172",0,0.5,1,7456647,0.5,"LAB.COAL.GRN","LAB.COAL.GRN"
"173",0,1,0.4,8098783,0.4,"COAL.LAB.GRN","COAL.LAB.GRN"
"174",0,1,0.666666666666667,8147490,0.666666666666667,"COAL.LAB.GRN","COAL.LAB.GRN"
"175",1,0.333333333333333,0,8190986,0.333333333333333,"GRN.COAL.LAB","GRN.COAL.LAB"
"176",0.647058823529412,0,1,3278205,0.647058823529412,"LAB.GRN.COAL","LAB.GRN.COAL"
"177",0,0.5,1,3496283,0.5,"LAB.COAL.GRN","LAB.COAL.GRN"
"178",1,0.375,0,3993138,0.375,"GRN.COAL.LAB","GRN.COAL.LAB"
"179",0,0.5,1,4087534,0.5,"LAB.COAL.GRN","LAB.COAL.GRN"
"180",0.8,0,1,4111810,0.8,"LAB.GRN.COAL","LAB.GRN.COAL"
"181",0,1,0.888888888888889,4217029,0.888888888888889,"COAL.LAB.GRN","COAL.LAB.GRN"
"182",0,1,0.923076923076923,4424395,0.923076923076923,"COAL.LAB.GRN","COAL.LAB.GRN"
"183",1,0,0.7,4951298,0.7,"GRN.LAB.COAL","GRN.LAB.COAL"
"184",1,0,0.7,5557248,0.7,"GRN.LAB.COAL","GRN.LAB.COAL"
"185",0.6,0,1,6274783,0.6,"LAB.GRN.COAL","LAB.GRN.COAL"
"186",0,1,0.769230769230769,7008221,0.769230769230769,"COAL.LAB.GRN","COAL.LAB.GRN"
"187",0,0.5,1,7328180,0.5,"LAB.COAL.GRN","LAB.COAL.GRN"
"188",0,1,0.4,7358192,0.4,"COAL.LAB.GRN","COAL.LAB.GRN"
"189",0.666666666666667,1,0,7388383,0.666666666666667,"COAL.GRN.LAB","COAL.GRN.LAB"
"190",1,0,0.777777777777778,8803066,0.777777777777778,"GRN.LAB.COAL","GRN.LAB.COAL"
"191",0,1,0.545454545454545,8880213,0.545454545454545,"COAL.LAB.GRN","COAL.LAB.GRN"
"192",0.666666666666667,1,0,9208047,0.666666666666667,"COAL.GRN.LAB","COAL.GRN.LAB"
"193",0.444444444444444,1,0,9497314,0.444444444444444,"COAL.GRN.LAB","COAL.GRN.LAB"
"194",0,0.5,1,9566392,0.5,"LAB.COAL.GRN","LAB.COAL.GRN"
"195",1,0,0.733333333333333,4977519,0.733333333333333,"GRN.LAB.COAL","GRN.LAB.COAL"
"196",0.75,0,1,4999470,0.75,"LAB.GRN.COAL","LAB.GRN.COAL"
"197",1,0,0.571428571428571,5277176,0.571428571428571,"GRN.LAB.COAL","GRN.LAB.COAL"
"198",1,0.166666666666667,0,5290259,0.166666666666667,"GRN.COAL.LAB","GRN.COAL.LAB"
"199",0,0.8,1,6101602,0.8,"LAB.COAL.GRN","LAB.COAL.GRN"
"200",0,0.25,1,6365382,0.25,"LAB.COAL.GRN","LAB.COAL.GRN"
"201",0.888888888888889,1,0,7135343,0.888888888888889,"COAL.GRN.LAB","COAL.GRN.LAB"
"202",0.166666666666667,0,1,8092271,0.166666666666667,"LAB.GRN.COAL","LAB.GRN.COAL"
"203",1,0,0.666666666666667,8178474,0.666666666666667,"GRN.LAB.COAL","GRN.LAB.COAL"
"204",0.833333333333333,1,0,8518133,0.833333333333333,"COAL.GRN.LAB","COAL.GRN.LAB"
"205",0.5,1,0,8556680,0.5,"COAL.GRN.LAB","COAL.GRN.LAB"
"206",0,0.5,1,9529110,0.5,"LAB.COAL.GRN","LAB.COAL.GRN"
"207",0,1,0.4,1093300,0.4,"COAL.LAB.GRN","COAL.LAB.GRN"
"208",0.666666666666667,0,1,1095567,0.666666666666667,"LAB.GRN.COAL","LAB.GRN.COAL"
"209",1,0,0.888888888888889,1142374,0.888888888888889,"GRN.LAB.COAL","GRN.LAB.COAL"
"210",0,1,0.714285714285714,1160549,0.714285714285714,"COAL.LAB.GRN","COAL.LAB.GRN"
"211",1,0,0.6,1224302,0.6,"GRN.LAB.COAL","GRN.LAB.COAL"
"212",0,0.666666666666667,1,1224650,0.666666666666667,"LAB.COAL.GRN","LAB.COAL.GRN"
"213",1,0,0.5,1286922,0.5,"GRN.LAB.COAL","GRN.LAB.COAL"
"214",0.666666666666667,1,0,1293415,0.666666666666667,"COAL.GRN.LAB","COAL.GRN.LAB"
"215",0,1,0.428571428571429,1320172,0.428571428571429,"COAL.LAB.GRN","COAL.LAB.GRN"
"216",0.444444444444444,1,0,3708651,0.444444444444444,"COAL.GRN.LAB","COAL.GRN.LAB"
"217",0,0.25,1,3822956,0.25,"LAB.COAL.GRN","LAB.COAL.GRN"
"218",0.875,0,1,3857491,0.875,"LAB.GRN.COAL","LAB.GRN.COAL"
"219",0,0.625,1,4305139,0.625,"LAB.COAL.GRN","LAB.COAL.GRN"
"220",0,0.5,1,4474606,0.5,"LAB.COAL.GRN","LAB.COAL.GRN"
"221",0.8,0,1,5721383,0.8,"LAB.GRN.COAL","LAB.GRN.COAL"
"222",0,0.214285714285714,1,5860115,0.214285714285714,"LAB.COAL.GRN","LAB.COAL.GRN"
"223",0,1,0.833333333333333,6827525,0.833333333333333,"COAL.LAB.GRN","COAL.LAB.GRN"
"224",0,1,0.142857142857143,6924019,0.142857142857143,"COAL.LAB.GRN","COAL.LAB.GRN"
"225",1,0,0.555555555555556,7072712,0.555555555555556,"GRN.LAB.COAL","GRN.LAB.COAL"
"226",1,0,0.4,7219084,0.4,"GRN.LAB.COAL","GRN.LAB.COAL"
"227",0,1,0.333333333333333,2718893,0.333333333333333,"COAL.LAB.GRN","COAL.LAB.GRN"
"228",0,1,0.333333333333333,2761201,0.333333333333333,"COAL.LAB.GRN","COAL.LAB.GRN"
"229",0.333333333333333,0,1,2800151,0.333333333333333,"LAB.GRN.COAL","LAB.GRN.COAL"
"230",0.307692307692308,1,0,2821931,0.307692307692308,"COAL.GRN.LAB","COAL.GRN.LAB"
"231",0,1,0.6,2864261,0.6,"COAL.LAB.GRN","COAL.LAB.GRN"
"232",0.111111111111111,0,1,2926016,0.111111111111111,"LAB.GRN.COAL","LAB.GRN.COAL"
"233",0,1,0.666666666666667,2969577,0.666666666666667,"COAL.LAB.GRN","COAL.LAB.GRN"
"234",0,1,0.111111111111111,3012402,0.111111111111111,"COAL.LAB.GRN","COAL.LAB.GRN"
"235",0.8,0,1,3748378,0.8,"LAB.GRN.COAL","LAB.GRN.COAL"
"236",0.111111111111111,0,1,3858338,0.111111111111111,"LAB.GRN.COAL","LAB.GRN.COAL"
"237",0.333333333333333,1,0,3969405,0.333333333333333,"COAL.GRN.LAB","COAL.GRN.LAB"
"238",0.333333333333333,0,1,4192803,0.333333333333333,"LAB.GRN.COAL","LAB.GRN.COAL"
"239",1,0,0.428571428571429,7838352,0.428571428571429,"GRN.LAB.COAL","GRN.LAB.COAL"
"240",0.833333333333333,0,1,7847495,0.833333333333333,"LAB.GRN.COAL","LAB.GRN.COAL"
"241",1,0.5,0,8207629,0.5,"GRN.COAL.LAB","GRN.COAL.LAB"
"242",0,0.25,1,8418928,0.25,"LAB.COAL.GRN","LAB.COAL.GRN"
"243",0,0.5,1,1038898,0.5,"LAB.COAL.GRN","LAB.COAL.GRN"
"244",0,0.5,1,1293558,0.5,"LAB.COAL.GRN","LAB.COAL.GRN"
"245",0.473684210526316,0,1,3077271,0.473684210526316,"LAB.GRN.COAL","LAB.GRN.COAL"
"246",0,1,0.125,3114294,0.125,"COAL.LAB.GRN","COAL.LAB.GRN"
"247",0.0666666666666667,0,1,3131186,0.0666666666666667,"LAB.GRN.COAL","LAB.GRN.COAL"
"248",0,1,0.333333333333333,4711985,0.333333333333333,"COAL.LAB.GRN","COAL.LAB.GRN"
"249",0,1,0.5,6922832,0.5,"COAL.LAB.GRN","COAL.LAB.GRN"
"250",0.571428571428571,0,1,7062947,0.571428571428571,"LAB.GRN.COAL","LAB.GRN.COAL"
"251",0.2,0,1,8107069,0.2,"LAB.GRN.COAL","LAB.GRN.COAL"
"252",1,0,0.454545454545455,8477560,0.454545454545455,"GRN.LAB.COAL","GRN.LAB.COAL"
"253",0,1,0.117647058823529,1046004,0.117647058823529,"COAL.LAB.GRN","COAL.LAB.GRN"
"254",0,1,0.285714285714286,1053576,0.285714285714286,"COAL.LAB.GRN","COAL.LAB.GRN"
"255",0,1,0.333333333333333,1101122,0.333333333333333,"COAL.LAB.GRN","COAL.LAB.GRN"
"256",0,1,0.153846153846154,1135408,0.153846153846154,"COAL.LAB.GRN","COAL.LAB.GRN"
"257",1,0,0.230769230769231,1147262,0.230769230769231,"GRN.LAB.COAL","GRN.LAB.COAL"
"258",0.230769230769231,0,1,1167640,0.230769230769231,"LAB.GRN.COAL","LAB.GRN.COAL"
"259",1,0.416666666666667,0,1171323,0.416666666666667,"GRN.COAL.LAB","GRN.COAL.LAB"
"260",0.428571428571429,0,1,1180073,0.428571428571429,"LAB.GRN.COAL","LAB.GRN.COAL"
"261",0.666666666666667,1,0,1188823,0.666666666666667,"COAL.GRN.LAB","COAL.GRN.LAB"
"262",0,0.714285714285714,1,1208473,0.714285714285714,"LAB.COAL.GRN","LAB.COAL.GRN"
"263",0.769230769230769,1,0,1210932,0.769230769230769,"COAL.GRN.LAB","COAL.GRN.LAB"
"264",0,0.2,1,1245423,0.2,"LAB.COAL.GRN","LAB.COAL.GRN"
"265",0.333333333333333,0,1,1297929,0.333333333333333,"LAB.GRN.COAL","LAB.GRN.COAL"
"266",0,1,0.222222222222222,1314526,0.222222222222222,"COAL.LAB.GRN","COAL.LAB.GRN"
"267",0,0.111111111111111,1,1329814,0.111111111111111,"LAB.COAL.GRN","LAB.COAL.GRN"
"268",1,0.5,0,1557498,0.5,"GRN.COAL.LAB","GRN.COAL.LAB"
"269",0,1,0.222222222222222,1608825,0.222222222222222,"COAL.LAB.GRN","COAL.LAB.GRN"
"270",0,0.75,1,1663818,0.75,"LAB.COAL.GRN","LAB.COAL.GRN"
"271",0.75,0,1,1836687,0.75,"LAB.GRN.COAL","LAB.GRN.COAL"
"272",0.8,0,1,1888602,0.8,"LAB.GRN.COAL","LAB.GRN.COAL"
"273",0.4,1,0,1915066,0.4,"COAL.GRN.LAB","COAL.GRN.LAB"
"274",0.75,0,1,1999902,0.75,"LAB.GRN.COAL","LAB.GRN.COAL"
"275",0.75,0,1,2043149,0.75,"LAB.GRN.COAL","LAB.GRN.COAL"
"276",0,0.571428571428571,1,2043675,0.571428571428571,"LAB.COAL.GRN","LAB.COAL.GRN"
"277",0.473684210526316,0,1,2082622,0.473684210526316,"LAB.GRN.COAL","LAB.GRN.COAL"
"278",0,1,0.5,2705558,0.5,"COAL.LAB.GRN","COAL.LAB.GRN"
"279",0.142857142857143,0,1,2148072,0.142857142857143,"LAB.GRN.COAL","LAB.GRN.COAL"
"280",1,0,0.75,2420133,0.75,"GRN.LAB.COAL","GRN.LAB.COAL"
"281",0.7,0,1,2622932,0.7,"LAB.GRN.COAL","LAB.GRN.COAL"
"282",1,0,0.684210526315789,2687818,0.684210526315789,"GRN.LAB.COAL","GRN.LAB.COAL"
"283",1,0,0.428571428571429,2763815,0.428571428571429,"GRN.LAB.COAL","GRN.LAB.COAL"
"284",0,1,0.75,2787657,0.75,"COAL.LAB.GRN","COAL.LAB.GRN"
"285",0.75,0,1,2817768,0.75,"LAB.GRN.COAL","LAB.GRN.COAL"
"286",0.615384615384615,1,0,2825795,0.615384615384615,"COAL.GRN.LAB","COAL.GRN.LAB"
"287",1,0,0.625,2879326,0.625,"GRN.LAB.COAL","GRN.LAB.COAL"
"288",1,0,0.866666666666667,2884659,0.866666666666667,"GRN.LAB.COAL","GRN.LAB.COAL"
"289",1,0,0.692307692307692,2917703,0.692307692307692,"GRN.LAB.COAL","GRN.LAB.COAL"
"290",1,0,0.75,2930350,0.75,"GRN.LAB.COAL","GRN.LAB.COAL"
"291",0.625,0,1,3464058,0.625,"LAB.GRN.COAL","LAB.GRN.COAL"
"292",0.5,0,1,2976051,0.5,"LAB.GRN.COAL","LAB.GRN.COAL"
"293",0.285714285714286,0,1,3239098,0.285714285714286,"LAB.GRN.COAL","LAB.GRN.COAL"
"294",0,1,0.666666666666667,3505763,0.666666666666667,"COAL.LAB.GRN","COAL.LAB.GRN"
"295",0,0.8,1,5061381,0.8,"LAB.COAL.GRN","LAB.COAL.GRN"
"296",0.333333333333333,0,1,5331081,0.333333333333333,"LAB.GRN.COAL","LAB.GRN.COAL"
"297",0,1,0.4,5354181,0.4,"COAL.LAB.GRN","COAL.LAB.GRN"
"298",0,0.5,1,6541986,0.5,"LAB.COAL.GRN","LAB.COAL.GRN"
"299",0.625,1,0,7141666,0.625,"COAL.GRN.LAB","COAL.GRN.LAB"
"300",0.571428571428571,1,0,8292536,0.571428571428571,"COAL.GRN.LAB","COAL.GRN.LAB"
"301",0,1,0.8,8385785,0.8,"COAL.LAB.GRN","COAL.LAB.GRN"
"302",0,0.7,1,8620067,0.7,"LAB.COAL.GRN","LAB.COAL.GRN"
"303",0,1,0.4,8671396,0.4,"COAL.LAB.GRN","COAL.LAB.GRN"
"304",0.6,0,1,8951235,0.6,"LAB.GRN.COAL","LAB.GRN.COAL"
"305",0,1,0.363636363636364,5174081,0.363636363636364,"COAL.LAB.GRN","COAL.LAB.GRN"
"306",0,1,0.117647058823529,5254057,0.117647058823529,"COAL.LAB.GRN","COAL.LAB.GRN"
"307",0.75,0,1,5810544,0.75,"LAB.GRN.COAL","LAB.GRN.COAL"
"308",0.2,1,0,5850545,0.2,"COAL.GRN.LAB","COAL.GRN.LAB"
"309",0,0.7,1,6426931,0.7,"LAB.COAL.GRN","LAB.COAL.GRN"
"310",0,0.833333333333333,1,6466889,0.833333333333333,"LAB.COAL.GRN","LAB.COAL.GRN"
"311",0,1,0.444444444444444,7116541,0.444444444444444,"COAL.LAB.GRN","COAL.LAB.GRN"
"312",0,1,0.285714285714286,7161144,0.285714285714286,"COAL.LAB.GRN","COAL.LAB.GRN"
"313",0.2,0,1,7208531,0.2,"LAB.GRN.COAL","LAB.GRN.COAL"
"314",0,0.333333333333333,1,7291316,0.333333333333333,"LAB.COAL.GRN","LAB.COAL.GRN"
"315",0,0.8,1,8081210,0.8,"LAB.COAL.GRN","LAB.COAL.GRN"
"316",0,1,0.6,8225164,0.6,"COAL.LAB.GRN","COAL.LAB.GRN"
"317",0.818181818181818,0,1,8680607,0.818181818181818,"LAB.GRN.COAL","LAB.GRN.COAL"
"318",0.444444444444444,0,1,9038301,0.444444444444444,"LAB.GRN.COAL","LAB.GRN.COAL"
"319",1,0,0.272727272727273,3217628,0.272727272727273,"GRN.LAB.COAL","GRN.LAB.COAL"
"320",0.666666666666667,0,1,3433671,0.666666666666667,"LAB.GRN.COAL","LAB.GRN.COAL"
"321",0.157894736842105,0,1,3710032,0.157894736842105,"LAB.GRN.COAL","LAB.GRN.COAL"
"322",0,1,0.125,3755644,0.125,"COAL.LAB.GRN","COAL.LAB.GRN"
"323",0,1,0.153846153846154,3884176,0.153846153846154,"COAL.LAB.GRN","COAL.LAB.GRN"
"324",0.166666666666667,0,1,3917818,0.166666666666667,"LAB.GRN.COAL","LAB.GRN.COAL"
"325",0.888888888888889,0,1,4206497,0.888888888888889,"LAB.GRN.COAL","LAB.GRN.COAL"
"326",0,0.55,1,4608838,0.55,"LAB.COAL.GRN","LAB.COAL.GRN"
"327",0.222222222222222,1,0,4880392,0.222222222222222,"COAL.GRN.LAB","COAL.GRN.LAB"
"328",0,1,0.153846153846154,5212147,0.153846153846154,"COAL.LAB.GRN","COAL.LAB.GRN"
"329",0,0.5,1,5537207,0.5,"LAB.COAL.GRN","LAB.COAL.GRN"
"330",0,1,0.1,5548918,0.1,"COAL.LAB.GRN","COAL.LAB.GRN"
"331",0,0.5,1,5854373,0.5,"LAB.COAL.GRN","LAB.COAL.GRN"
"332",0,1,0.333333333333333,6906477,0.333333333333333,"COAL.LAB.GRN","COAL.LAB.GRN"
"333",0,1,0.666666666666667,6919604,0.666666666666667,"COAL.LAB.GRN","COAL.LAB.GRN"
"334",0,1,0.125,6967473,0.125,"COAL.LAB.GRN","COAL.LAB.GRN"
"335",0,1,0.133333333333333,7062171,0.133333333333333,"COAL.LAB.GRN","COAL.LAB.GRN"
"336",0,1,0.833333333333333,8057194,0.833333333333333,"COAL.LAB.GRN","COAL.LAB.GRN"
"337",0,1,0.5,8215736,0.5,"COAL.LAB.GRN","COAL.LAB.GRN"
"338",0,1,0.285714285714286,8793291,0.285714285714286,"COAL.LAB.GRN","COAL.LAB.GRN"
"339",0.8,1,0,9068983,0.8,"COAL.GRN.LAB","COAL.GRN.LAB"
"340",0,1,0.909090909090909,9776450,0.909090909090909,"COAL.LAB.GRN","COAL.LAB.GRN"
"341",0,1,0.333333333333333,9776487,0.333333333333333,"COAL.LAB.GRN","COAL.LAB.GRN"
"342",0,1,0.631578947368421,5137648,0.631578947368421,"COAL.LAB.GRN","COAL.LAB.GRN"
"343",0.6,0,1,5214715,0.6,"LAB.GRN.COAL","LAB.GRN.COAL"
"344",0.454545454545455,0,1,5332874,0.454545454545455,"LAB.GRN.COAL","LAB.GRN.COAL"
"345",0.6,0,1,8692952,0.6,"LAB.GRN.COAL","LAB.GRN.COAL"
"346",0.272727272727273,0,1,8762083,0.272727272727273,"LAB.GRN.COAL","LAB.GRN.COAL"
"347",0.538461538461538,0,1,8767630,0.538461538461538,"LAB.GRN.COAL","LAB.GRN.COAL"
"348",0,1,0.111111111111111,8783015,0.111111111111111,"COAL.LAB.GRN","COAL.LAB.GRN"
"349",0.5,1,0,8860565,0.5,"COAL.GRN.LAB","COAL.GRN.LAB"
"350",0,0.25,1,8919085,0.25,"LAB.COAL.GRN","LAB.COAL.GRN"
"351",0,0.833333333333333,1,8953028,0.833333333333333,"LAB.COAL.GRN","LAB.COAL.GRN"
"352",0,1,0.333333333333333,9061445,0.333333333333333,"COAL.LAB.GRN","COAL.LAB.GRN"
"353",0,1,0.444444444444444,9667194,0.444444444444444,"COAL.LAB.GRN","COAL.LAB.GRN"
"354",0,0.0555555555555556,1,9695564,0.0555555555555556,"LAB.COAL.GRN","LAB.COAL.GRN"
"355",0,1,0.333333333333333,3754057,0.333333333333333,"COAL.LAB.GRN","COAL.LAB.GRN"
"356",0.571428571428571,1,0,5064707,0.571428571428571,"COAL.GRN.LAB","COAL.GRN.LAB"
"357",0,1,0.615384615384615,5171618,0.615384615384615,"COAL.LAB.GRN","COAL.LAB.GRN"
"358",0.875,0,1,5293862,0.875,"LAB.GRN.COAL","LAB.GRN.COAL"
"359",0.4,1,0,5340605,0.4,"COAL.GRN.LAB","COAL.GRN.LAB"
"360",1,0,0.8,5504475,0.8,"GRN.LAB.COAL","GRN.LAB.COAL"
"361",0,1,0.470588235294118,5510538,0.470588235294118,"COAL.LAB.GRN","COAL.LAB.GRN"
"362",0,1,0.428571428571429,5511467,0.428571428571429,"COAL.LAB.GRN","COAL.LAB.GRN"
"363",0.4,0,1,5610886,0.4,"LAB.GRN.COAL","LAB.GRN.COAL"
"364",0,1,0.3,5643146,0.3,"COAL.LAB.GRN","COAL.LAB.GRN"
"365",0.375,0,1,5862042,0.375,"LAB.GRN.COAL","LAB.GRN.COAL"
"366",0,0.5,1,7079788,0.5,"LAB.COAL.GRN","LAB.COAL.GRN"
"367",0.4,1,0,7629738,0.4,"COAL.GRN.LAB","COAL.GRN.LAB"
"368",0.666666666666667,0,1,7662852,0.666666666666667,"LAB.GRN.COAL","LAB.GRN.COAL"
"369",0.666666666666667,1,0,7823028,0.666666666666667,"COAL.GRN.LAB","COAL.GRN.LAB"
"370",0.5,1,0,8041601,0.5,"COAL.GRN.LAB","COAL.GRN.LAB"
"371",0,1,0.111111111111111,8673027,0.111111111111111,"COAL.LAB.GRN","COAL.LAB.GRN"
"372",0.2,0,1,9057771,0.2,"LAB.GRN.COAL","LAB.GRN.COAL"
"373",1,0,0.272727272727273,9695403,0.272727272727273,"GRN.LAB.COAL","GRN.LAB.COAL"
"374",0,0.833333333333333,1,3188339,0.833333333333333,"LAB.COAL.GRN","LAB.COAL.GRN"
"375",0,0.666666666666667,1,4497725,0.666666666666667,"LAB.COAL.GRN","LAB.COAL.GRN"
"376",1,0,0.666666666666667,4517801,0.666666666666667,"GRN.LAB.COAL","GRN.LAB.COAL"
"377",1,0.25,0,5283052,0.25,"GRN.COAL.LAB","GRN.COAL.LAB"
"378",0,1,0.5,5333800,0.5,"COAL.LAB.GRN","COAL.LAB.GRN"
"379",0,0.5,1,5718510,0.5,"LAB.COAL.GRN","LAB.COAL.GRN"
"380",0.625,0,1,6259988,0.625,"LAB.GRN.COAL","LAB.GRN.COAL"
"381",0,1,0.666666666666667,6972476,0.666666666666667,"COAL.LAB.GRN","COAL.LAB.GRN"
"382",0,0.833333333333333,1,7188633,0.833333333333333,"LAB.COAL.GRN","LAB.COAL.GRN"
"383",0,1,0.153846153846154,7643650,0.153846153846154,"COAL.LAB.GRN","COAL.LAB.GRN"
"384",0.285714285714286,1,0,7872420,0.285714285714286,"COAL.GRN.LAB","COAL.GRN.LAB"
"385",0.333333333333333,0,1,8779565,0.333333333333333,"LAB.GRN.COAL","LAB.GRN.COAL"
"386",0.5,0,1,9708612,0.5,"LAB.GRN.COAL","LAB.GRN.COAL"
"387",0.5,0,1,9764784,0.5,"LAB.GRN.COAL","LAB.GRN.COAL"
"388",1,0,0.714285714285714,3653558,0.714285714285714,"GRN.LAB.COAL","GRN.LAB.COAL"
"389",0,1,0.833333333333333,3860094,0.833333333333333,"COAL.LAB.GRN","COAL.LAB.GRN"
"390",0,1,0.105263157894737,3884265,0.105263157894737,"COAL.LAB.GRN","COAL.LAB.GRN"
"391",0,1,0.222222222222222,4315404,0.222222222222222,"COAL.LAB.GRN","COAL.LAB.GRN"
"392",0.352941176470588,1,0,4387452,0.352941176470588,"COAL.GRN.LAB","COAL.GRN.LAB"
"393",0.333333333333333,0,1,4514957,0.333333333333333,"LAB.GRN.COAL","LAB.GRN.COAL"
"394",0.846153846153846,0,1,4864800,0.846153846153846,"LAB.GRN.COAL","LAB.GRN.COAL"
"395",0,0.375,1,4922579,0.375,"LAB.COAL.GRN","LAB.COAL.GRN"
"396",0.1,1,0,5332482,0.1,"COAL.GRN.LAB","COAL.GRN.LAB"
"397",1,0,0.666666666666667,5503074,0.666666666666667,"GRN.LAB.COAL","GRN.LAB.COAL"
"398",0.5,1,0,5823898,0.5,"COAL.GRN.LAB","COAL.GRN.LAB"
"399",0,1,0.153846153846154,6153832,0.153846153846154,"COAL.LAB.GRN","COAL.LAB.GRN"
"400",0,1,0.352941176470588,6365783,0.352941176470588,"COAL.LAB.GRN","COAL.LAB.GRN"
"401",0,1,0.888888888888889,6549666,0.888888888888889,"COAL.LAB.GRN","COAL.LAB.GRN"
"402",0,1,0.25,6560198,0.25,"COAL.LAB.GRN","COAL.LAB.GRN"
"403",0.625,0,1,6580540,0.625,"LAB.GRN.COAL","LAB.GRN.COAL"
"404",0,0.625,1,6982919,0.625,"LAB.COAL.GRN","LAB.COAL.GRN"
"405",1,0.5,0,7280499,0.5,"GRN.COAL.LAB","GRN.COAL.LAB"
"406",0,0.1,1,8667800,0.1,"LAB.COAL.GRN","LAB.COAL.GRN"
"407",0.384615384615385,0,1,8930268,0.384615384615385,"LAB.GRN.COAL","LAB.GRN.COAL"
"408",0.25,0,1,9201437,0.25,"LAB.GRN.COAL","LAB.GRN.COAL"
"409",0,1,0.125,9223510,0.125,"COAL.LAB.GRN","COAL.LAB.GRN"
"410",0.454545454545455,0,1,9695804,0.454545454545455,"LAB.GRN.COAL","LAB.GRN.COAL"
"411",0,1,0.25,3666875,0.25,"COAL.LAB.GRN","COAL.LAB.GRN"
"412",1,0.6,0,5207929,0.6,"GRN.COAL.LAB","GRN.COAL.LAB"
"413",0,1,0.222222222222222,7305846,0.222222222222222,"COAL.LAB.GRN","COAL.LAB.GRN"
"414",0.25,1,0,8035495,0.25,"COAL.GRN.LAB","COAL.GRN.LAB"
"415",0.1,1,0,8413683,0.1,"COAL.GRN.LAB","COAL.GRN.LAB"
"416",0.833333333333333,1,0,8693808,0.833333333333333,"COAL.GRN.LAB","COAL.GRN.LAB"
"417",1,0,0.818181818181818,9032496,0.818181818181818,"GRN.LAB.COAL","GRN.LAB.COAL"
"418",0.75,1,0,9107316,0.75,"COAL.GRN.LAB","COAL.GRN.LAB"
"419",0.285714285714286,1,0,3985370,0.285714285714286,"COAL.GRN.LAB","COAL.GRN.LAB"
"420",0,1,0.4,4032228,0.4,"COAL.LAB.GRN","COAL.LAB.GRN"
"421",1,0,0.333333333333333,5034367,0.333333333333333,"GRN.LAB.COAL","GRN.LAB.COAL"
"422",0.375,0,1,5099323,0.375,"LAB.GRN.COAL","LAB.GRN.COAL"
"423",0,1,0.25,5126605,0.25,"COAL.LAB.GRN","COAL.LAB.GRN"
"424",1,0.75,0,5194103,0.75,"GRN.COAL.LAB","GRN.COAL.LAB"
"425",0.714285714285714,0,1,5195576,0.714285714285714,"LAB.GRN.COAL","LAB.GRN.COAL"
"426",0,1,0.333333333333333,5238771,0.333333333333333,"COAL.LAB.GRN","COAL.LAB.GRN"
"427",1,0.333333333333333,0,5321573,0.333333333333333,"GRN.COAL.LAB","GRN.COAL.LAB"
"428",0.285714285714286,1,0,5364857,0.285714285714286,"COAL.GRN.LAB","COAL.GRN.LAB"
"429",1,0,0.555555555555556,5417587,0.555555555555556,"GRN.LAB.COAL","GRN.LAB.COAL"
"430",0.6,0,1,5437324,0.6,"LAB.GRN.COAL","LAB.GRN.COAL"
"431",0,0.5,1,5446378,0.5,"LAB.COAL.GRN","LAB.COAL.GRN"
"432",0,1,0.5,5446859,0.5,"COAL.LAB.GRN","COAL.LAB.GRN"
"433",0,1,0.333333333333333,5523980,0.333333333333333,"COAL.LAB.GRN","COAL.LAB.GRN"
"434",1,0,0.6,7141782,0.6,"GRN.LAB.COAL","GRN.LAB.COAL"
"435",1,0.6,0,7421382,0.6,"GRN.COAL.LAB","GRN.COAL.LAB"
"436",0,0.142857142857143,1,7722057,0.142857142857143,"LAB.COAL.GRN","LAB.COAL.GRN"
"437",0,0.75,1,9603654,0.75,"LAB.COAL.GRN","LAB.COAL.GRN"
"438",0.111111111111111,0,1,3433485,0.111111111111111,"LAB.GRN.COAL","LAB.GRN.COAL"
"439",0,1,0.352941176470588,4308109,0.352941176470588,"COAL.LAB.GRN","COAL.LAB.GRN"
"440",1,0,0.692307692307692,4667211,0.692307692307692,"GRN.LAB.COAL","GRN.LAB.COAL"
"441",0,1,0.571428571428571,4790836,0.571428571428571,"COAL.LAB.GRN","COAL.LAB.GRN"
"442",0.666666666666667,0,1,5733003,0.666666666666667,"LAB.GRN.COAL","LAB.GRN.COAL"
"443",0,1,0.666666666666667,5896578,0.666666666666667,"COAL.LAB.GRN","COAL.LAB.GRN"
"444",0,1,0.5,6658672,0.5,"COAL.LAB.GRN","COAL.LAB.GRN"
"445",0.5,0,1,6919338,0.5,"LAB.GRN.COAL","LAB.GRN.COAL"
"446",0.636363636363636,0,1,7829406,0.636363636363636,"LAB.GRN.COAL","LAB.GRN.COAL"
"447",0,0.214285714285714,1,7942989,0.214285714285714,"LAB.COAL.GRN","LAB.COAL.GRN"
"448",0,0.3,1,8042085,0.3,"LAB.COAL.GRN","LAB.COAL.GRN"
"449",1,0,0.764705882352941,8413219,0.764705882352941,"GRN.LAB.COAL","GRN.LAB.COAL"
"450",0.6,0,1,8414343,0.6,"LAB.GRN.COAL","LAB.GRN.COAL"
"451",0,0.6,1,8846813,0.6,"LAB.COAL.GRN","LAB.COAL.GRN"
"452",1,0.0833333333333333,0,8913795,0.0833333333333333,"GRN.COAL.LAB","GRN.COAL.LAB"
"453",0,1,0.666666666666667,8934415,0.666666666666667,"COAL.LAB.GRN","COAL.LAB.GRN"
"454",0,1,0.25,9139443,0.25,"COAL.LAB.GRN","COAL.LAB.GRN"
"455",0.8,0,1,9212443,0.8,"LAB.GRN.COAL","LAB.GRN.COAL"
"456",0,0.25,1,3818756,0.25,"LAB.COAL.GRN","LAB.COAL.GRN"
"457",0.333333333333333,1,0,4079259,0.333333333333333,"COAL.GRN.LAB","COAL.GRN.LAB"
"458",0.333333333333333,1,0,5154263,0.333333333333333,"COAL.GRN.LAB","COAL.GRN.LAB"
"459",0.428571428571429,0,1,5372394,0.428571428571429,"LAB.GRN.COAL","LAB.GRN.COAL"
"460",0.666666666666667,0,1,5396225,0.666666666666667,"LAB.GRN.COAL","LAB.GRN.COAL"
"461",0,1,0.375,5464561,0.375,"COAL.LAB.GRN","COAL.LAB.GRN"
"462",0,1,0.444444444444444,6507675,0.444444444444444,"COAL.LAB.GRN","COAL.LAB.GRN"
"463",0.4,1,0,6912987,0.4,"COAL.GRN.LAB","COAL.GRN.LAB"
"464",0,0.375,1,8904000,0.375,"LAB.COAL.GRN","LAB.COAL.GRN"
"465",0.7,1,0,9069125,0.7,"COAL.GRN.LAB","COAL.GRN.LAB"
"466",0.272727272727273,0,1,9784655,0.272727272727273,"LAB.GRN.COAL","LAB.GRN.COAL"
"467",0,0.9,1,1135239,0.9,"LAB.COAL.GRN","LAB.COAL.GRN"
"468",0,0.833333333333333,1,1146833,0.833333333333333,"LAB.COAL.GRN","LAB.COAL.GRN"
"469",0,1,0.857142857142857,1180108,0.857142857142857,"COAL.LAB.GRN","COAL.LAB.GRN"
"470",0.4,0,1,1232400,0.4,"LAB.GRN.COAL","LAB.GRN.COAL"
"471",0.166666666666667,1,0,3310697,0.166666666666667,"COAL.GRN.LAB","COAL.GRN.LAB"
"472",1,0,0.666666666666667,3341468,0.666666666666667,"GRN.LAB.COAL","GRN.LAB.COAL"
"473",0,1,0.857142857142857,4078063,0.857142857142857,"COAL.LAB.GRN","COAL.LAB.GRN"
"474",0.684210526315789,0,1,4123219,0.684210526315789,"LAB.GRN.COAL","LAB.GRN.COAL"
"475",0.5,1,0,4345596,0.5,"COAL.GRN.LAB","COAL.GRN.LAB"
"476",0,1,0.133333333333333,4685601,0.133333333333333,"COAL.LAB.GRN","COAL.LAB.GRN"
"477",0,0.5,1,5487822,0.5,"LAB.COAL.GRN","LAB.COAL.GRN"
"478",0,1,0.222222222222222,7581967,0.222222222222222,"COAL.LAB.GRN","COAL.LAB.GRN"
"479",0,1,0.285714285714286,8000138,0.285714285714286,"COAL.LAB.GRN","COAL.LAB.GRN"
"480",0,1,0.25,8095580,0.25,"COAL.LAB.GRN","COAL.LAB.GRN"
"481",0,1,0.166666666666667,8792719,0.166666666666667,"COAL.LAB.GRN","COAL.LAB.GRN"
"482",0.333333333333333,0,1,8973532,0.333333333333333,"LAB.GRN.COAL","LAB.GRN.COAL"
"483",0,1,0.444444444444444,9463653,0.444444444444444,"COAL.LAB.GRN","COAL.LAB.GRN"
"484",0,0.285714285714286,1,1022556,0.285714285714286,"LAB.COAL.GRN","LAB.COAL.GRN"
"485",1,0,0.111111111111111,3227065,0.111111111111111,"GRN.LAB.COAL","GRN.LAB.COAL"
"486",0.666666666666667,0,1,3323479,0.666666666666667,"LAB.GRN.COAL","LAB.GRN.COAL"
"487",0.125,0,1,3431254,0.125,"LAB.GRN.COAL","LAB.GRN.COAL"
"488",0.235294117647059,1,0,3545462,0.235294117647059,"COAL.GRN.LAB","COAL.GRN.LAB"
"489",1,0,0.6,3773483,0.6,"GRN.LAB.COAL","GRN.LAB.COAL"
"490",0.866666666666667,0,1,3826202,0.866666666666667,"LAB.GRN.COAL","LAB.GRN.COAL"
"491",0,1,0.153846153846154,4037456,0.153846153846154,"COAL.LAB.GRN","COAL.LAB.GRN"
"492",0.142857142857143,0,1,4179588,0.142857142857143,"LAB.GRN.COAL","LAB.GRN.COAL"
"493",0,1,0.25,4546423,0.25,"COAL.LAB.GRN","COAL.LAB.GRN"
"494",1,0,0.875,4613573,0.875,"GRN.LAB.COAL","GRN.LAB.COAL"
"495",0.777777777777778,0,1,5045033,0.777777777777778,"LAB.GRN.COAL","LAB.GRN.COAL"
"496",1,0,0.7,5170478,0.7,"GRN.LAB.COAL","GRN.LAB.COAL"
"497",1,0,0.375,5364991,0.375,"GRN.LAB.COAL","GRN.LAB.COAL"
"498",0.923076923076923,1,0,6746113,0.923076923076923,"COAL.GRN.LAB","COAL.GRN.LAB"
"499",0,1,0.666666666666667,7007213,0.666666666666667,"COAL.LAB.GRN","COAL.LAB.GRN"
"500",0,1,0.285714285714286,7037814,0.285714285714286,"COAL.LAB.GRN","COAL.LAB.GRN"
"501",0,1,0.8,9066459,0.8,"COAL.LAB.GRN","COAL.LAB.GRN"
"502",0,0.6,1,9115708,0.6,"LAB.COAL.GRN","LAB.COAL.GRN"
"503",0,0.625,1,9255646,0.625,"LAB.COAL.GRN","LAB.COAL.GRN"
"504",0,1,0.777777777777778,2681949,0.777777777777778,"COAL.LAB.GRN","COAL.LAB.GRN"
"505",1,0,0.25,2699440,0.25,"GRN.LAB.COAL","GRN.LAB.COAL"
"506",0,1,0.285714285714286,2729578,0.285714285714286,"COAL.LAB.GRN","COAL.LAB.GRN"
"507",0,1,0.375,2788683,0.375,"COAL.LAB.GRN","COAL.LAB.GRN"
"508",0,1,0.666666666666667,2812175,0.666666666666667,"COAL.LAB.GRN","COAL.LAB.GRN"
"509",0,1,0.75,2830217,0.75,"COAL.LAB.GRN","COAL.LAB.GRN"
"510",0.666666666666667,1,0,3273148,0.666666666666667,"COAL.GRN.LAB","COAL.GRN.LAB"
"511",1,0,0.777777777777778,3637531,0.777777777777778,"GRN.LAB.COAL","GRN.LAB.COAL"
"512",0,0.5,1,4280708,0.5,"LAB.COAL.GRN","LAB.COAL.GRN"
"513",0.25,1,0,4659630,0.25,"COAL.GRN.LAB","COAL.GRN.LAB"
"514",1,0,0.166666666666667,5450763,0.166666666666667,"GRN.LAB.COAL","GRN.LAB.COAL"
"515",0,1,0.352941176470588,5903276,0.352941176470588,"COAL.LAB.GRN","COAL.LAB.GRN"
"516",0.8,0,1,6161958,0.8,"LAB.GRN.COAL","LAB.GRN.COAL"
"517",1,0.833333333333333,0,6989477,0.833333333333333,"GRN.COAL.LAB","GRN.COAL.LAB"
"518",1,0,0.333333333333333,8672386,0.333333333333333,"GRN.LAB.COAL","GRN.LAB.COAL"
"519",0,1,0.363636363636364,8853537,0.363636363636364,"COAL.LAB.GRN","COAL.LAB.GRN"
"520",1,0,0.636363636363636,9817433,0.636363636363636,"GRN.LAB.COAL","GRN.LAB.COAL"
"521",0.75,0,1,2897903,0.75,"LAB.GRN.COAL","LAB.GRN.COAL"
"522",0,1,0.444444444444444,2965802,0.444444444444444,"COAL.LAB.GRN","COAL.LAB.GRN"
"523",0.875,0,1,2985773,0.875,"LAB.GRN.COAL","LAB.GRN.COAL"
"524",0,1,0.25,3005312,0.25,"COAL.LAB.GRN","COAL.LAB.GRN"
"525",1,0,0.833333333333333,3040435,0.833333333333333,"GRN.LAB.COAL","GRN.LAB.COAL"
"526",0,0.0833333333333333,1,3948553,0.0833333333333333,"LAB.COAL.GRN","LAB.COAL.GRN"
"527",0,1,0.117647058823529,4430645,0.117647058823529,"COAL.LAB.GRN","COAL.LAB.GRN"
"528",0.875,0,1,4477202,0.875,"LAB.GRN.COAL","LAB.GRN.COAL"
"529",0.4,0,1,4777940,0.4,"LAB.GRN.COAL","LAB.GRN.COAL"
"530",0.555555555555556,0,1,4936216,0.555555555555556,"LAB.GRN.COAL","LAB.GRN.COAL"
"531",0,1,0.1,6884188,0.1,"COAL.LAB.GRN","COAL.LAB.GRN"
"532",0.555555555555556,0,1,6964430,0.555555555555556,"LAB.GRN.COAL","LAB.GRN.COAL"
"533",0.777777777777778,0,1,9556232,0.777777777777778,"LAB.GRN.COAL","LAB.GRN.COAL"
"534",0,1,0.666666666666667,1000794,0.666666666666667,"COAL.LAB.GRN","COAL.LAB.GRN"
"535",0,1,0.235294117647059,1072831,0.235294117647059,"COAL.LAB.GRN","COAL.LAB.GRN"
"536",0,1,0.153846153846154,3063437,0.153846153846154,"COAL.LAB.GRN","COAL.LAB.GRN"
"537",0.125,1,0,3147598,0.125,"COAL.GRN.LAB","COAL.GRN.LAB"
"538",0,1,0.666666666666667,4288274,0.666666666666667,"COAL.LAB.GRN","COAL.LAB.GRN"
"539",1,0,0.714285714285714,7431335,0.714285714285714,"GRN.LAB.COAL","GRN.LAB.COAL"
"540",0,1,0.588235294117647,8681287,0.588235294117647,"COAL.LAB.GRN","COAL.LAB.GRN"
"541",0.666666666666667,1,0,8995821,0.666666666666667,"COAL.GRN.LAB","COAL.GRN.LAB"
"542",0,1,0.25,9114870,0.25,"COAL.LAB.GRN","COAL.LAB.GRN"
"543",0,1,0.235294117647059,9775656,0.235294117647059,"COAL.LAB.GRN","COAL.LAB.GRN"
"544",0,0.125,1,1253609,0.125,"LAB.COAL.GRN","LAB.COAL.GRN"
"545",0,1,0.5,1260174,0.5,"COAL.LAB.GRN","COAL.LAB.GRN"
"546",0.833333333333333,0,1,1283667,0.833333333333333,"LAB.GRN.COAL","LAB.GRN.COAL"
"547",0,1,0.5,3775837,0.5,"COAL.LAB.GRN","COAL.LAB.GRN"
"548",0.5,0,1,4017968,0.5,"LAB.GRN.COAL","LAB.GRN.COAL"
"549",0,0.166666666666667,1,4782159,0.166666666666667,"LAB.COAL.GRN","LAB.COAL.GRN"
"550",0,0.5,1,7231391,0.5,"LAB.COAL.GRN","LAB.COAL.GRN"
"551",0,0.833333333333333,1,8001280,0.833333333333333,"LAB.COAL.GRN","LAB.COAL.GRN"
"552",0,1,0.285714285714286,8815491,0.285714285714286,"COAL.LAB.GRN","COAL.LAB.GRN"
"553",1,0,0.6,9110954,0.6,"GRN.LAB.COAL","GRN.LAB.COAL"
"554",0,1,0.769230769230769,9422029,0.769230769230769,"COAL.LAB.GRN","COAL.LAB.GRN"
"555",0.5,0,1,9659862,0.5,"LAB.GRN.COAL","LAB.GRN.COAL"
"556",0.333333333333333,0,1,1612491,0.333333333333333,"LAB.GRN.COAL","LAB.GRN.COAL"
"557",0,0.714285714285714,1,2687532,0.714285714285714,"LAB.COAL.GRN","LAB.COAL.GRN"
"558",0.857142857142857,1,0,2695701,0.857142857142857,"COAL.GRN.LAB","COAL.GRN.LAB"
"559",1,0,0.333333333333333,2698744,0.333333333333333,"GRN.LAB.COAL","GRN.LAB.COAL"
"560",0.428571428571429,0,1,2851970,0.428571428571429,"LAB.GRN.COAL","LAB.GRN.COAL"
"561",0,1,0.285714285714286,2909133,0.285714285714286,"COAL.LAB.GRN","COAL.LAB.GRN"
"562",0,1,0.363636363636364,2909222,0.363636363636364,"COAL.LAB.GRN","COAL.LAB.GRN"
"563",0,1,0.4,3654682,0.4,"COAL.LAB.GRN","COAL.LAB.GRN"
"564",0,1,0.285714285714286,3973917,0.285714285714286,"COAL.LAB.GRN","COAL.LAB.GRN"
"565",0,0.5,1,4322218,0.5,"LAB.COAL.GRN","LAB.COAL.GRN"
"566",0,0.5,1,5014058,0.5,"LAB.COAL.GRN","LAB.COAL.GRN"
"567",0,1,0.285714285714286,5031903,0.285714285714286,"COAL.LAB.GRN","COAL.LAB.GRN"
"568",0.142857142857143,0,1,5690184,0.142857142857143,"LAB.GRN.COAL","LAB.GRN.COAL"
"569",1,0,0.875,1744777,0.875,"GRN.LAB.COAL","GRN.LAB.COAL"
"570",1,0,0.733333333333333,1756530,0.733333333333333,"GRN.LAB.COAL","GRN.LAB.COAL"
"571",1,0,0.846153846153846,1869936,0.846153846153846,"GRN.LAB.COAL","GRN.LAB.COAL"
"572",0,1,0.666666666666667,1909395,0.666666666666667,"COAL.LAB.GRN","COAL.LAB.GRN"
"573",1,0,0.285714285714286,2961263,0.285714285714286,"GRN.LAB.COAL","GRN.LAB.COAL"
"574",0.777777777777778,0,1,2983436,0.777777777777778,"LAB.GRN.COAL","LAB.GRN.COAL"
"575",0.105263157894737,1,0,3032747,0.105263157894737,"COAL.GRN.LAB","COAL.GRN.LAB"
"576",0.714285714285714,0,1,3037029,0.714285714285714,"LAB.GRN.COAL","LAB.GRN.COAL"
"577",0.875,0,1,3103260,0.875,"LAB.GRN.COAL","LAB.GRN.COAL"
"578",0,1,0.142857142857143,3104072,0.142857142857143,"COAL.LAB.GRN","COAL.LAB.GRN"
"579",0,1,0.266666666666667,3434000,0.266666666666667,"COAL.LAB.GRN","COAL.LAB.GRN"
"580",0.454545454545455,0,1,4596173,0.454545454545455,"LAB.GRN.COAL","LAB.GRN.COAL"
"581",0.8,1,0,4826219,0.8,"COAL.GRN.LAB","COAL.GRN.LAB"
"582",0,1,0.4,5734627,0.4,"COAL.LAB.GRN","COAL.LAB.GRN"
"583",0.2,1,0,6802613,0.2,"COAL.GRN.LAB","COAL.GRN.LAB"
"584",0.777777777777778,0,1,7272177,0.777777777777778,"LAB.GRN.COAL","LAB.GRN.COAL"
"585",0,1,0.25,7450199,0.25,"COAL.LAB.GRN","COAL.LAB.GRN"
"586",0,1,0.769230769230769,8652086,0.769230769230769,"COAL.LAB.GRN","COAL.LAB.GRN"
"587",0.444444444444444,0,1,8761128,0.444444444444444,"LAB.GRN.COAL","LAB.GRN.COAL"
"588",0.363636363636364,1,0,8849749,0.363636363636364,"COAL.GRN.LAB","COAL.GRN.LAB"
"589",0,0.5,1,1269013,0.5,"LAB.COAL.GRN","LAB.COAL.GRN"
"590",0.454545454545455,0,1,1373604,0.454545454545455,"LAB.GRN.COAL","LAB.GRN.COAL"
"591",0,1,0.5,1416774,0.5,"COAL.LAB.GRN","COAL.LAB.GRN"
"592",0.857142857142857,0,1,1510902,0.857142857142857,"LAB.GRN.COAL","LAB.GRN.COAL"
"593",0.5,1,0,1569010,0.5,"COAL.GRN.LAB","COAL.GRN.LAB"
"594",0.846153846153846,0,1,1572943,0.846153846153846,"LAB.GRN.COAL","LAB.GRN.COAL"
"595",0,0.5,1,1582175,0.5,"LAB.COAL.GRN","LAB.COAL.GRN"
"596",1,0,0.666666666666667,1618832,0.666666666666667,"GRN.LAB.COAL","GRN.LAB.COAL"
"597",0,1,0.222222222222222,1619270,0.222222222222222,"COAL.LAB.GRN","COAL.LAB.GRN"
"598",0.111111111111111,1,0,1682076,0.111111111111111,"COAL.GRN.LAB","COAL.GRN.LAB"
"599",0,1,0.222222222222222,1766217,0.222222222222222,"COAL.LAB.GRN","COAL.LAB.GRN"
"600",0,1,0.4,1774002,0.4,"COAL.LAB.GRN","COAL.LAB.GRN"
"601",0,1,0.714285714285714,2242861,0.714285714285714,"COAL.LAB.GRN","COAL.LAB.GRN"
"602",0,1,0.142857142857143,4486390,0.142857142857143,"COAL.LAB.GRN","COAL.LAB.GRN"
"603",1,0.5,0,4694520,0.5,"GRN.COAL.LAB","GRN.COAL.LAB"
"604",0,1,0.375,5126179,0.375,"COAL.LAB.GRN","COAL.LAB.GRN"
"605",0.764705882352941,0,1,6639854,0.764705882352941,"LAB.GRN.COAL","LAB.GRN.COAL"
"606",0.6,0,1,7182791,0.6,"LAB.GRN.COAL","LAB.GRN.COAL"
"607",0.222222222222222,1,0,7594230,0.222222222222222,"COAL.GRN.LAB","COAL.GRN.LAB"
"608",0.6,0,1,8297210,0.6,"LAB.GRN.COAL","LAB.GRN.COAL"
"609",0.666666666666667,0,1,9546547,0.666666666666667,"LAB.GRN.COAL","LAB.GRN.COAL"
"610",0.75,0,1,1938041,0.75,"LAB.GRN.COAL","LAB.GRN.COAL"
"611",1,0,0.5,1939889,0.5,"GRN.LAB.COAL","GRN.LAB.COAL"
"612",0.5,0,1,2010790,0.5,"LAB.GRN.COAL","LAB.GRN.COAL"
"613",1,0,0.777777777777778,2021378,0.777777777777778,"GRN.LAB.COAL","GRN.LAB.COAL"
"614",0.833333333333333,0,1,2072367,0.833333333333333,"LAB.GRN.COAL","LAB.GRN.COAL"
"615",0.5,0,1,2160486,0.5,"LAB.GRN.COAL","LAB.GRN.COAL"
"616",0,0.125,1,2255696,0.125,"LAB.COAL.GRN","LAB.COAL.GRN"
"617",0,1,0.166666666666667,2285716,0.166666666666667,"COAL.LAB.GRN","COAL.LAB.GRN"
"618",0.555555555555556,0,1,2352091,0.555555555555556,"LAB.GRN.COAL","LAB.GRN.COAL"
"619",0,0.9,1,2435378,0.9,"LAB.COAL.GRN","LAB.COAL.GRN"
"620",1,0.5,0,2458325,0.5,"GRN.COAL.LAB","GRN.COAL.LAB"
"621",0.352941176470588,1,0,2467253,0.352941176470588,"COAL.GRN.LAB","COAL.GRN.LAB"
"622",0.866666666666667,0,1,2476145,0.866666666666667,"LAB.GRN.COAL","LAB.GRN.COAL"
"623",0.333333333333333,0,1,2523380,0.333333333333333,"LAB.GRN.COAL","LAB.GRN.COAL"
"624",0,1,0.25,3868283,0.25,"COAL.LAB.GRN","COAL.LAB.GRN"
"625",0.538461538461538,0,1,3945681,0.538461538461538,"LAB.GRN.COAL","LAB.GRN.COAL"
"626",0.0909090909090909,0,1,4178213,0.0909090909090909,"LAB.GRN.COAL","LAB.GRN.COAL"
"627",0.333333333333333,0,1,5130048,0.333333333333333,"LAB.GRN.COAL","LAB.GRN.COAL"
"628",0,1,0.8,7816134,0.8,"COAL.LAB.GRN","COAL.LAB.GRN"
"629",0.875,0,1,2593660,0.875,"LAB.GRN.COAL","LAB.GRN.COAL"
"630",0,0.625,1,2738087,0.625,"LAB.COAL.GRN","LAB.COAL.GRN"
"631",1,0,0.75,2822440,0.75,"GRN.LAB.COAL","GRN.LAB.COAL"
"632",1,0,0.285714285714286,2854842,0.285714285714286,"GRN.LAB.COAL","GRN.LAB.COAL"
"633",0.857142857142857,0,1,2858688,0.857142857142857,"LAB.GRN.COAL","LAB.GRN.COAL"
"634",0.571428571428571,1,0,2902014,0.571428571428571,"COAL.GRN.LAB","COAL.GRN.LAB"
"635",0.4,1,0,2909785,0.4,"COAL.GRN.LAB","COAL.GRN.LAB"
"636",1,0,0.857142857142857,2988903,0.857142857142857,"GRN.LAB.COAL","GRN.LAB.COAL"
"637",1,0.916666666666667,0,3193163,0.916666666666667,"GRN.COAL.LAB","GRN.COAL.LAB"
"638",0,0.916666666666667,1,3981141,0.916666666666667,"LAB.COAL.GRN","LAB.COAL.GRN"
"639",0,0.375,1,4168019,0.375,"LAB.COAL.GRN","LAB.COAL.GRN"
"640",0,0.5,1,7800454,0.5,"LAB.COAL.GRN","LAB.COAL.GRN"
"641",0,1,0.25,7822831,0.25,"COAL.LAB.GRN","COAL.LAB.GRN"
"642",0,1,0.5,8056514,0.5,"COAL.LAB.GRN","COAL.LAB.GRN"
"643",0.818181818181818,0,1,3038901,0.818181818181818,"LAB.GRN.COAL","LAB.GRN.COAL"
"644",0,0.428571428571429,1,3051128,0.428571428571429,"LAB.COAL.GRN","LAB.COAL.GRN"
"645",0,0.285714285714286,1,3086369,0.285714285714286,"LAB.COAL.GRN","LAB.COAL.GRN"
"646",1,0,0.0909090909090909,3171533,0.0909090909090909,"GRN.LAB.COAL","GRN.LAB.COAL"
"647",0.666666666666667,1,0,4856150,0.666666666666667,"COAL.GRN.LAB","COAL.GRN.LAB"
"648",0,0.8,1,5331465,0.8,"LAB.COAL.GRN","LAB.COAL.GRN"
"649",0,1,0.4,6579366,0.4,"COAL.LAB.GRN","COAL.LAB.GRN"
"650",0.857142857142857,0,1,7211787,0.857142857142857,"LAB.GRN.COAL","LAB.GRN.COAL"
"651",0.235294117647059,1,0,7473744,0.235294117647059,"COAL.GRN.LAB","COAL.GRN.LAB"
"652",1,0,0.5,7474057,0.5,"GRN.LAB.COAL","GRN.LAB.COAL"
"653",0,1,0.235294117647059,8246793,0.235294117647059,"COAL.LAB.GRN","COAL.LAB.GRN"
"654",0,1,0.5,8300233,0.5,"COAL.LAB.GRN","COAL.LAB.GRN"
"655",0.375,0,1,8873668,0.375,"LAB.GRN.COAL","LAB.GRN.COAL"
"656",0.153846153846154,1,0,3539399,0.153846153846154,"COAL.GRN.LAB","COAL.GRN.LAB"
"657",0.909090909090909,1,0,3540341,0.909090909090909,"COAL.GRN.LAB","COAL.GRN.LAB"
"658",0.428571428571429,0,1,4269464,0.428571428571429,"LAB.GRN.COAL","LAB.GRN.COAL"
"659",0.333333333333333,0,1,4400295,0.333333333333333,"LAB.GRN.COAL","LAB.GRN.COAL"
"660",0.235294117647059,1,0,4882639,0.235294117647059,"COAL.GRN.LAB","COAL.GRN.LAB"
"661",0,1,0.210526315789474,5058741,0.210526315789474,"COAL.LAB.GRN","COAL.LAB.GRN"
"662",0.666666666666667,1,0,5826298,0.666666666666667,"COAL.GRN.LAB","COAL.GRN.LAB"
"663",0.571428571428571,1,0,6307524,0.571428571428571,"COAL.GRN.LAB","COAL.GRN.LAB"
"664",1,0,0.8,6311056,0.8,"GRN.LAB.COAL","GRN.LAB.COAL"
"665",0,0.4,1,6635858,0.4,"LAB.COAL.GRN","LAB.COAL.GRN"
"666",0,1,0.153846153846154,6674798,0.153846153846154,"COAL.LAB.GRN","COAL.LAB.GRN"
"667",0,1,0.4,6716388,0.4,"COAL.LAB.GRN","COAL.LAB.GRN"
"668",1,0,0.555555555555556,7056188,0.555555555555556,"GRN.LAB.COAL","GRN.LAB.COAL"
"669",0.285714285714286,1,0,7234897,0.285714285714286,"COAL.GRN.LAB","COAL.GRN.LAB"
"670",0.666666666666667,1,0,7542830,0.666666666666667,"COAL.GRN.LAB","COAL.GRN.LAB"
"671",0,1,0.666666666666667,9038169,0.666666666666667,"COAL.LAB.GRN","COAL.LAB.GRN"
"672",0.266666666666667,1,0,9290965,0.266666666666667,"COAL.GRN.LAB","COAL.GRN.LAB"
"673",1,0.25,0,3788887,0.25,"GRN.COAL.LAB","GRN.COAL.LAB"
"674",1,0,0.666666666666667,3799116,0.666666666666667,"GRN.LAB.COAL","GRN.LAB.COAL"
"675",0,1,0.526315789473684,3887609,0.526315789473684,"COAL.LAB.GRN","COAL.LAB.GRN"
"676",0.894736842105263,0,1,4198790,0.894736842105263,"LAB.GRN.COAL","LAB.GRN.COAL"
"677",0,1,0.142857142857143,4315510,0.142857142857143,"COAL.LAB.GRN","COAL.LAB.GRN"
"678",1,0,0.714285714285714,5150445,0.714285714285714,"GRN.LAB.COAL","GRN.LAB.COAL"
"679",0,1,0.8,5377139,0.8,"COAL.LAB.GRN","COAL.LAB.GRN"
"680",1,0,0.882352941176471,5419950,0.882352941176471,"GRN.LAB.COAL","GRN.LAB.COAL"
"681",1,0,0.538461538461538,5438582,0.538461538461538,"GRN.LAB.COAL","GRN.LAB.COAL"
"682",0.846153846153846,0,1,5494388,0.846153846153846,"LAB.GRN.COAL","LAB.GRN.COAL"
"683",0,0.5,1,6251897,0.5,"LAB.COAL.GRN","LAB.COAL.GRN"
"684",0.2,0,1,9243794,0.2,"LAB.GRN.COAL","LAB.GRN.COAL"
"685",1,0,0.866666666666667,9716729,0.866666666666667,"GRN.LAB.COAL","GRN.LAB.COAL"
"686",0.714285714285714,0,1,5129050,0.714285714285714,"LAB.GRN.COAL","LAB.GRN.COAL"
"687",0,1,0.5,6168737,0.5,"COAL.LAB.GRN","COAL.LAB.GRN"
"688",0,1,0.25,6190392,0.25,"COAL.LAB.GRN","COAL.LAB.GRN"
"689",0.142857142857143,0,1,6966170,0.142857142857143,"LAB.GRN.COAL","LAB.GRN.COAL"
"690",0.666666666666667,1,0,8376394,0.666666666666667,"COAL.GRN.LAB","COAL.GRN.LAB"
"691",0,1,0.315789473684211,8721671,0.315789473684211,"COAL.LAB.GRN","COAL.LAB.GRN"
"692",0,0.333333333333333,1,8871198,0.333333333333333,"LAB.COAL.GRN","LAB.COAL.GRN"
"693",1,0,0.733333333333333,8895902,0.733333333333333,"GRN.LAB.COAL","GRN.LAB.COAL"
"694",0.8,0,1,9156520,0.8,"LAB.GRN.COAL","LAB.GRN.COAL"
"695",0.714285714285714,0,1,1026240,0.714285714285714,"LAB.GRN.COAL","LAB.GRN.COAL"
"696",0,0.875,1,1036658,0.875,"LAB.COAL.GRN","LAB.COAL.GRN"
"697",0.111111111111111,0,1,1112548,0.111111111111111,"LAB.GRN.COAL","LAB.GRN.COAL"
"698",0,1,0.857142857142857,1235247,0.857142857142857,"COAL.LAB.GRN","COAL.LAB.GRN"
"699",0,1,0.333333333333333,1299507,0.333333333333333,"COAL.LAB.GRN","COAL.LAB.GRN"
"700",0,1,0.25,1334719,0.25,"COAL.LAB.GRN","COAL.LAB.GRN"
"701",0,0.1,1,1351334,0.1,"LAB.COAL.GRN","LAB.COAL.GRN"
"702",0,0.833333333333333,1,3778567,0.833333333333333,"LAB.COAL.GRN","LAB.COAL.GRN"
"703",1,0,0.777777777777778,4190725,0.777777777777778,"GRN.LAB.COAL","GRN.LAB.COAL"
"704",1,0,0.625,4407181,0.625,"GRN.LAB.COAL","GRN.LAB.COAL"
"705",0,1,0.142857142857143,6726705,0.142857142857143,"COAL.LAB.GRN","COAL.LAB.GRN"
"706",0.142857142857143,0,1,7557324,0.142857142857143,"LAB.GRN.COAL","LAB.GRN.COAL"
"707",0,1,0.1,7836103,0.1,"COAL.LAB.GRN","COAL.LAB.GRN"
"708",0.777777777777778,1,0,8529130,0.777777777777778,"COAL.GRN.LAB","COAL.GRN.LAB"
"709",0.6,0,1,1252236,0.6,"LAB.GRN.COAL","LAB.GRN.COAL"
"710",0,1,0.5,1260012,0.5,"COAL.LAB.GRN","COAL.LAB.GRN"
"711",0,1,0.333333333333333,1948165,0.333333333333333,"COAL.LAB.GRN","COAL.LAB.GRN"
"712",0,1,0.315789473684211,2005886,0.315789473684211,"COAL.LAB.GRN","COAL.LAB.GRN"
"713",0,0.3,1,2010175,0.3,"LAB.COAL.GRN","LAB.COAL.GRN"
"714",0,1,0.117647058823529,3141406,0.117647058823529,"COAL.LAB.GRN","COAL.LAB.GRN"
"715",0.285714285714286,0,1,4803555,0.285714285714286,"LAB.GRN.COAL","LAB.GRN.COAL"
"716",0,1,0.6,8893780,0.6,"COAL.LAB.GRN","COAL.LAB.GRN"
"717",0,1,0.181818181818182,8921624,0.181818181818182,"COAL.LAB.GRN","COAL.LAB.GRN"
"718",1,0,0.285714285714286,3816909,0.285714285714286,"GRN.LAB.COAL","GRN.LAB.COAL"
"719",1,0,0.888888888888889,4362371,0.888888888888889,"GRN.LAB.COAL","GRN.LAB.COAL"
"720",0,0.5,1,4793450,0.5,"LAB.COAL.GRN","LAB.COAL.GRN"
"721",0,0.5,1,5757497,0.5,"LAB.COAL.GRN","LAB.COAL.GRN"
"722",0,0.25,1,5766227,0.25,"LAB.COAL.GRN","LAB.COAL.GRN"
"723",0.857142857142857,0,1,6379983,0.857142857142857,"LAB.GRN.COAL","LAB.GRN.COAL"
"724",0.5,1,0,7174737,0.5,"COAL.GRN.LAB","COAL.GRN.LAB"
"725",0.166666666666667,1,0,8543089,0.166666666666667,"COAL.GRN.LAB","COAL.GRN.LAB"
"726",0,0.357142857142857,1,9689438,0.357142857142857,"LAB.COAL.GRN","LAB.COAL.GRN"
"727",1,0.5,0,3943433,0.5,"GRN.COAL.LAB","GRN.COAL.LAB"
"728",0.444444444444444,1,0,4285035,0.444444444444444,"COAL.GRN.LAB","COAL.GRN.LAB"
"729",0,0.666666666666667,1,5974966,0.666666666666667,"LAB.COAL.GRN","LAB.COAL.GRN"
"730",0.5,1,0,5980619,0.5,"COAL.GRN.LAB","COAL.GRN.LAB"
"731",0,0.416666666666667,1,7355220,0.416666666666667,"LAB.COAL.GRN","LAB.COAL.GRN"
"732",0.384615384615385,0,1,7858348,0.384615384615385,"LAB.GRN.COAL","LAB.GRN.COAL"
"733",0.222222222222222,1,0,7886647,0.222222222222222,"COAL.GRN.LAB","COAL.GRN.LAB"
"734",0,0.25,1,8107522,0.25,"LAB.COAL.GRN","LAB.COAL.GRN"
"735",0.333333333333333,0,1,9160221,0.333333333333333,"LAB.GRN.COAL","LAB.GRN.COAL"
"736",0.666666666666667,0,1,9712965,0.666666666666667,"LAB.GRN.COAL","LAB.GRN.COAL"
